"Gene","Non-unique Gene name","Annotation","Number_pos_present_in","Number_neg_present_in","Number_pos_not_present_in","Number_neg_not_present_in","Sensitivity","Specificity","Odds_ratio","Naive_p","Bonferroni_p","Benjamini_H_p"
"group_19586","","hypothetical protein","23","0","0","645","100.0","100.0","inf","4.06443400603e-43","9.06815871086e-39","1.51135978514e-39"
"group_19580","","hypothetical protein","23","0","0","645","100.0","100.0","inf","4.06443400603e-43","9.06815871086e-39","1.51135978514e-39"
"group_19585","","hypothetical protein","23","0","0","645","100.0","100.0","inf","4.06443400603e-43","9.06815871086e-39","1.51135978514e-39"
"group_19587","","hypothetical protein","23","0","0","645","100.0","100.0","inf","4.06443400603e-43","9.06815871086e-39","1.51135978514e-39"
"group_19582","yjjN_2","putative L-galactonate oxidoreductase","23","0","0","645","100.0","100.0","inf","4.06443400603e-43","9.06815871086e-39","1.51135978514e-39"
"group_19574","imm_2","Colicin-E3 immunity protein","23","0","0","645","100.0","100.0","inf","4.06443400603e-43","9.06815871086e-39","1.51135978514e-39"
"group_15726","","hypothetical protein","23","1","0","644","100.0","99.8449612403","inf","9.75464161448e-42","2.17635809061e-37","2.72044761326e-38"
"bcsB_1","","cellulose biosynthesis protein","23","1","0","644","100.0","99.8449612403","inf","9.75464161448e-42","2.17635809061e-37","2.72044761326e-38"
"group_10843","cnl","hypothetical protein","23","3","0","642","100.0","99.5348837209","inf","1.05675284157e-39","2.35772126482e-35","2.35772126482e-36"
"group_6028","","hypothetical protein","23","3","0","642","100.0","99.5348837209","inf","1.05675284157e-39","2.35772126482e-35","2.35772126482e-36"
"group_11737","","hypothetical protein","23","5","0","640","100.0","99.2248062016","inf","3.99452574113e-38","8.91218638104e-34","8.10198761912e-35"
"ceaC","","Colicin-E3","21","0","2","645","91.3043478261","100.0","inf","8.49389483015e-38","1.89507287556e-33","1.5792273963e-34"
"group_2921","","hypothetical protein","23","6","0","639","100.0","99.0697674419","inf","1.93068744155e-37","4.30755675083e-33","3.0768262506e-34"
"yggR_2","","putative transporter","23","6","0","639","100.0","99.0697674419","inf","1.93068744155e-37","4.30755675083e-33","3.0768262506e-34"
"pfkB_1","","6-phosphofructokinase-2 monomer","22","3","1","642","95.652173913","99.5348837209","4708.0","6.01211078172e-37","1.34136203651e-32","8.94241357674e-34"
"ynaI","","mechanosensitive channel YnaI monomer","0","638","23","7","0.0","1.08527131783","0.0","8.27437474948e-37","1.84609575036e-32","9.23047875179e-34"
"group_8324","ycjY_3","putative hydrolase","23","7","0","638","100.0","98.9147286822","inf","8.27437474948e-37","1.84609575036e-32","9.23047875179e-34"
"group_8322","ynaI","mechanosensitive channel YnaI monomer","23","7","0","638","100.0","98.9147286822","inf","8.27437474948e-37","1.84609575036e-32","9.23047875179e-34"
"group_4861","","hypothetical protein","23","7","0","638","100.0","98.9147286822","inf","8.27437474948e-37","1.84609575036e-32","9.23047875179e-34"
"group_4505","dacD","DD-carboxypeptidase, penicillin-binding protein 6b","23","7","0","638","100.0","98.9147286822","inf","8.27437474948e-37","1.84609575036e-32","9.23047875179e-34"
"intS_3","","CPS-53 (KpLE1) prophage; prophage CPS-53 integrase","23","8","0","637","100.0","98.7596899225","inf","3.20632021543e-36","7.15362103263e-32","3.25164592392e-33"
"group_11625","","hypothetical protein","23","8","0","637","100.0","98.7596899225","inf","3.20632021543e-36","7.15362103263e-32","3.25164592392e-33"
"yefM","","YefM antitoxin of the YoeB-YefM toxin-antitoxin pair and DNA binding transcriptional repressor","0","636","23","9","0.0","1.39534883721","0.0","1.14002496548e-35","2.54350970049e-31","9.42040629812e-33"
"yoeB","","toxin of the YoeB-YefM toxin-antitoxin pair","0","636","23","9","0.0","1.39534883721","0.0","1.14002496548e-35","2.54350970049e-31","9.42040629812e-33"
"group_13908","","hypothetical protein","23","9","0","636","100.0","98.6046511628","inf","1.14002496548e-35","2.54350970049e-31","9.42040629812e-33"
"group_13905","","hypothetical protein","23","9","0","636","100.0","98.6046511628","inf","1.14002496548e-35","2.54350970049e-31","9.42040629812e-33"
"group_13725","","hypothetical protein","23","9","0","636","100.0","98.6046511628","inf","1.14002496548e-35","2.54350970049e-31","9.42040629812e-33"
"group_13906","","hypothetical protein","23","10","0","635","100.0","98.4496124031","inf","3.7620823861e-35","8.39358201163e-31","2.79786067054e-32"
"group_11232","","hypothetical protein","23","10","0","635","100.0","98.4496124031","inf","3.7620823861e-35","8.39358201163e-31","2.79786067054e-32"
"group_551","cbeA_3","CP4-44 prophage; antitoxin of the CbtA-CbeA toxin-antitoxin system","23","10","0","635","100.0","98.4496124031","inf","3.7620823861e-35","8.39358201163e-31","2.79786067054e-32"
"group_1529","","hypothetical protein","23","12","0","633","100.0","98.1395348837","inf","3.39157427232e-34","7.56694135896e-30","2.29301253302e-31"
"group_13726","dnaB_1","primosome","23","12","0","633","100.0","98.1395348837","inf","3.39157427232e-34","7.56694135896e-30","2.29301253302e-31"
"group_13724","","hypothetical protein","23","12","0","633","100.0","98.1395348837","inf","3.39157427232e-34","7.56694135896e-30","2.29301253302e-31"
"proQ_3","","RNA chaperone ProQ","20","1","3","644","86.9565217391","99.8449612403","4293.33333333","3.8358429053e-34","8.55814910601e-30","2.51710267824e-31"
"group_1650","","hypothetical protein","23","13","0","632","100.0","97.984496124","inf","9.39205183103e-34","2.09546068402e-29","5.51437022111e-31"
"group_9422","","hypothetical protein","23","13","0","632","100.0","97.984496124","inf","9.39205183103e-34","2.09546068402e-29","5.51437022111e-31"
"group_17681","","hypothetical protein","23","13","0","632","100.0","97.984496124","inf","9.39205183103e-34","2.09546068402e-29","5.51437022111e-31"
"group_13907","","hypothetical protein","23","13","0","632","100.0","97.984496124","inf","9.39205183103e-34","2.09546068402e-29","5.51437022111e-31"
"group_6291","","hypothetical protein","0","631","23","14","0.0","2.17054263566","0.0","2.48218512677e-33","5.53800323634e-29","1.42000082983e-30"
"group_2753","","hypothetical protein","22","9","1","636","95.652173913","98.6046511628","1554.66666667","5.22273937312e-33","1.16524538154e-28","2.91311345384e-30"
"group_4497","hisB","imidazoleglycerol-phosphate dehydratase / histidinol-phosphatase","23","15","0","630","100.0","97.6744186047","inf","6.28820232115e-33","1.40296081987e-28","3.34038290446e-30"
"group_6292","","hypothetical protein","23","15","0","630","100.0","97.6744186047","inf","6.28820232115e-33","1.40296081987e-28","3.34038290446e-30"
"group_13796","","hypothetical protein","23","16","0","629","100.0","97.519379845","inf","1.53274931578e-32","3.41971699844e-28","7.59937110765e-30"
"group_13904","","hypothetical protein","23","16","0","629","100.0","97.519379845","inf","1.53274931578e-32","3.41971699844e-28","7.59937110765e-30"
"hisB","","imidazoleglycerol-phosphate dehydratase / histidinol-phosphatase","0","629","23","16","0.0","2.48062015504","0.0","1.53274931578e-32","3.41971699844e-28","7.59937110765e-30"
"group_4728","","hypothetical protein","0","628","23","17","0.0","2.63565891473","0.0","3.60646897831e-32","8.04639293751e-28","1.46298053409e-29"
"group_9160","","hypothetical protein","0","628","23","17","0.0","2.63565891473","0.0","3.60646897831e-32","8.04639293751e-28","1.46298053409e-29"
"yegJ","","putative protein","23","17","0","628","100.0","97.3643410853","inf","3.60646897831e-32","8.04639293751e-28","1.46298053409e-29"
"group_17683","","hypothetical protein","23","17","0","628","100.0","97.3643410853","inf","3.60646897831e-32","8.04639293751e-28","1.46298053409e-29"
"group_17682","","hypothetical protein","23","17","0","628","100.0","97.3643410853","inf","3.60646897831e-32","8.04639293751e-28","1.46298053409e-29"
"group_5414","","hypothetical protein","23","17","0","628","100.0","97.3643410853","inf","3.60646897831e-32","8.04639293751e-28","1.46298053409e-29"
"group_9445","","hypothetical protein","23","17","0","628","100.0","97.3643410853","inf","3.60646897831e-32","8.04639293751e-28","1.46298053409e-29"
"group_11929","","hypothetical protein","23","17","0","628","100.0","97.3643410853","inf","3.60646897831e-32","8.04639293751e-28","1.46298053409e-29"
"group_17122","imm_1","Colicin-E2 immunity protein","23","17","0","628","100.0","97.3643410853","inf","3.60646897831e-32","8.04639293751e-28","1.46298053409e-29"
"col","","Colicin-E2","23","17","0","628","100.0","97.3643410853","inf","3.60646897831e-32","8.04639293751e-28","1.46298053409e-29"
"dhaK","","dihydroxyacetone kinase subunit K","0","627","23","18","0.0","2.79069767442","0.0","8.21473489504e-32","1.83278950243e-27","3.05464917072e-29"
"group_11704","","hypothetical protein","23","18","0","627","100.0","97.2093023256","inf","8.21473489504e-32","1.83278950243e-27","3.05464917072e-29"
"group_12715","yfjP_1","CP4-57 prophage; predicted GTP-binding protein","23","18","0","627","100.0","97.2093023256","inf","8.21473489504e-32","1.83278950243e-27","3.05464917072e-29"
"ydhB_3","","protein with similarity to transcriptional regulators","23","18","0","627","100.0","97.2093023256","inf","8.21473489504e-32","1.83278950243e-27","3.05464917072e-29"
"group_5084","","hypothetical protein","23","18","0","627","100.0","97.2093023256","inf","8.21473489504e-32","1.83278950243e-27","3.05464917072e-29"
"group_16179","","hypothetical protein","22","12","1","633","95.652173913","98.1395348837","1160.5","1.41418956943e-31","3.15519834836e-27","5.08902959413e-29"
"group_1688","","hypothetical protein","22","12","1","633","95.652173913","98.1395348837","1160.5","1.41418956943e-31","3.15519834836e-27","5.08902959413e-29"
"dhaK_1","","dihydroxyacetone kinase subunit K","23","19","0","626","100.0","97.0542635659","inf","1.81588876627e-31","4.05142942643e-27","6.43084035941e-29"
"group_12717","","hypothetical protein","20","4","3","641","86.9565217391","99.3798449612","1068.33333333","1.91530107634e-31","4.27322823143e-27","6.6769191116e-29"
"rutB_3","","peroxyureidoacrylate / ureidoacrylate amido hydrolase","23","20","0","625","100.0","96.8992248062","inf","3.90416084748e-31","8.71057326682e-27","1.17710449552e-28"
"group_9784","","hypothetical protein","23","20","0","625","100.0","96.8992248062","inf","3.90416084748e-31","8.71057326682e-27","1.17710449552e-28"
"atzF_2","","Allophanate hydrolase","23","20","0","625","100.0","96.8992248062","inf","3.90416084748e-31","8.71057326682e-27","1.17710449552e-28"
"yahB_2","","putative DNA-binding transcriptional regulator LYSR-type","23","20","0","625","100.0","96.8992248062","inf","3.90416084748e-31","8.71057326682e-27","1.17710449552e-28"
"yahF_4","","putative acyl-CoA synthetase with NAD(P)-binding domain and succinyl-CoA synthetase domain protein","23","20","0","625","100.0","96.8992248062","inf","3.90416084748e-31","8.71057326682e-27","1.17710449552e-28"
"yahE_2","","putative protein","23","20","0","625","100.0","96.8992248062","inf","3.90416084748e-31","8.71057326682e-27","1.17710449552e-28"
"yahD_2","","putative transcriptional regulator with ankyrin domain protein","23","20","0","625","100.0","96.8992248062","inf","3.90416084748e-31","8.71057326682e-27","1.17710449552e-28"
"group_846","","hypothetical protein","23","20","0","625","100.0","96.8992248062","inf","3.90416084748e-31","8.71057326682e-27","1.17710449552e-28"
"codB_3","","cytosine transporter","23","20","0","625","100.0","96.8992248062","inf","3.90416084748e-31","8.71057326682e-27","1.17710449552e-28"
"yqeA_3","","putative amino acid kinase","23","20","0","625","100.0","96.8992248062","inf","3.90416084748e-31","8.71057326682e-27","1.17710449552e-28"
"yfdT_2","","hypothetical protein","23","21","0","624","100.0","96.7441860465","inf","8.18014653759e-31","1.825072494e-26","2.12217731861e-28"
"group_10413","","hypothetical protein","23","21","0","624","100.0","96.7441860465","inf","8.18014653759e-31","1.825072494e-26","2.12217731861e-28"
"yahF_3","","putative acyl-CoA synthetase with NAD(P)-binding domain and succinyl-CoA synthetase domain protein","23","21","0","624","100.0","96.7441860465","inf","8.18014653759e-31","1.825072494e-26","2.12217731861e-28"
"yahI_2","","putative carbamate kinase-like protein","23","21","0","624","100.0","96.7441860465","inf","8.18014653759e-31","1.825072494e-26","2.12217731861e-28"
"group_4889","","hypothetical protein","23","21","0","624","100.0","96.7441860465","inf","8.18014653759e-31","1.825072494e-26","2.12217731861e-28"
"group_11231","","hypothetical protein","23","21","0","624","100.0","96.7441860465","inf","8.18014653759e-31","1.825072494e-26","2.12217731861e-28"
"group_13704","","hypothetical protein","23","21","0","624","100.0","96.7441860465","inf","8.18014653759e-31","1.825072494e-26","2.12217731861e-28"
"group_13705","","hypothetical protein","23","21","0","624","100.0","96.7441860465","inf","8.18014653759e-31","1.825072494e-26","2.12217731861e-28"
"group_9431","","hypothetical protein","23","21","0","624","100.0","96.7441860465","inf","8.18014653759e-31","1.825072494e-26","2.12217731861e-28"
"group_4903","mdtD","putative transport protein MdtD","23","21","0","624","100.0","96.7441860465","inf","8.18014653759e-31","1.825072494e-26","2.12217731861e-28"
"group_12686","","hypothetical protein","23","21","0","624","100.0","96.7441860465","inf","8.18014653759e-31","1.825072494e-26","2.12217731861e-28"
"yliE_1","","putative c-di-GMP-specific phosphodiesterase","23","21","0","624","100.0","96.7441860465","inf","8.18014653759e-31","1.825072494e-26","2.12217731861e-28"
"group_6118","","hypothetical protein","20","5","3","640","86.9565217391","99.2248062016","853.333333333","9.53403241784e-31","2.12713797274e-26","2.44498617557e-28"
"group_8041","","hypothetical protein","23","22","0","623","100.0","96.5891472868","inf","1.67321179178e-30","3.73310282864e-26","4.14789203182e-28"
"group_6715","","hypothetical protein","0","623","23","22","0.0","3.41085271318","0.0","1.67321179178e-30","3.73310282864e-26","4.14789203182e-28"
"group_2759","","hypothetical protein","23","22","0","623","100.0","96.5891472868","inf","1.67321179178e-30","3.73310282864e-26","4.14789203182e-28"
"group_13741","","hypothetical protein","22","15","1","630","95.652173913","97.6744186047","924.0","2.40407903478e-30","5.36374073451e-26","5.89422058737e-28"
"treA","","periplasmic trehalase","0","622","23","23","0.0","3.56589147287","0.0","3.34642358356e-30","7.46620565728e-26","7.46620565728e-28"
"group_13296","virB","Virulence regulon transcriptional activator VirB","23","23","0","622","100.0","96.4341085271","inf","3.34642358356e-30","7.46620565728e-26","7.46620565728e-28"
"group_13294","","hypothetical protein","23","23","0","622","100.0","96.4341085271","inf","3.34642358356e-30","7.46620565728e-26","7.46620565728e-28"
"group_10986","repE","Replication initiation protein","23","23","0","622","100.0","96.4341085271","inf","3.34642358356e-30","7.46620565728e-26","7.46620565728e-28"
"group_9259","","hypothetical protein","23","23","0","622","100.0","96.4341085271","inf","3.34642358356e-30","7.46620565728e-26","7.46620565728e-28"
"umuC_3","","SOS mutagenesis and repair","23","23","0","622","100.0","96.4341085271","inf","3.34642358356e-30","7.46620565728e-26","7.46620565728e-28"
"xerD_2","","site-specific recombinase","23","23","0","622","100.0","96.4341085271","inf","3.34642358356e-30","7.46620565728e-26","7.46620565728e-28"
"proQ_2","","RNA chaperone ProQ","23","23","0","622","100.0","96.4341085271","inf","3.34642358356e-30","7.46620565728e-26","7.46620565728e-28"
"group_12685","","hypothetical protein","23","23","0","622","100.0","96.4341085271","inf","3.34642358356e-30","7.46620565728e-26","7.46620565728e-28"
"group_6384","","IS256 family transposase ISEc39","20","6","3","639","86.9565217391","99.0697674419","710.0","4.11306372556e-30","9.17665647809e-26","9.08579849316e-28"
"group_9737","","IS110 family transposase IS1663","23","24","0","621","100.0","96.2790697674","inf","6.55341285114e-30","1.46213194122e-25","1.3538258715e-27"
"group_6027","","hypothetical protein","23","24","0","621","100.0","96.2790697674","inf","6.55341285114e-30","1.46213194122e-25","1.3538258715e-27"
"group_14640","","hypothetical protein","23","24","0","621","100.0","96.2790697674","inf","6.55341285114e-30","1.46213194122e-25","1.3538258715e-27"
"group_14641","","hypothetical protein","23","24","0","621","100.0","96.2790697674","inf","6.55341285114e-30","1.46213194122e-25","1.3538258715e-27"
"group_13811","","hypothetical protein","23","24","0","621","100.0","96.2790697674","inf","6.55341285114e-30","1.46213194122e-25","1.3538258715e-27"
"group_7988","","hypothetical protein","23","24","0","621","100.0","96.2790697674","inf","6.55341285114e-30","1.46213194122e-25","1.3538258715e-27"
"group_5440","","hypothetical protein","0","621","23","24","0.0","3.72093023256","0.0","6.55341285114e-30","1.46213194122e-25","1.3538258715e-27"
"group_2394","","Tn3 family transposase TnAs1","23","25","0","620","100.0","96.1240310078","inf","1.25825526742e-29","2.80729332714e-25","2.42008045443e-27"
"group_6036","","hypothetical protein","23","25","0","620","100.0","96.1240310078","inf","1.25825526742e-29","2.80729332714e-25","2.42008045443e-27"
"group_5560","treA","periplasmic trehalase","23","25","0","620","100.0","96.1240310078","inf","1.25825526742e-29","2.80729332714e-25","2.42008045443e-27"
"group_6074","","hypothetical protein","23","25","0","620","100.0","96.1240310078","inf","1.25825526742e-29","2.80729332714e-25","2.42008045443e-27"
"group_5441","","hypothetical protein","23","25","0","620","100.0","96.1240310078","inf","1.25825526742e-29","2.80729332714e-25","2.42008045443e-27"
"group_6240","yliF","putative diguanylate cyclase","23","25","0","620","100.0","96.1240310078","inf","1.25825526742e-29","2.80729332714e-25","2.42008045443e-27"
"group_7751","","hypothetical protein","23","25","0","620","100.0","96.1240310078","inf","1.25825526742e-29","2.80729332714e-25","2.42008045443e-27"
"yliF","","putative diguanylate cyclase","0","620","23","25","0.0","3.87596899225","0.0","1.25825526742e-29","2.80729332714e-25","2.42008045443e-27"
"group_3253","","hypothetical protein","22","17","1","628","95.652173913","97.3643410853","812.705882353","1.30590241705e-29","2.91359888267e-25","2.49025545527e-27"
"group_16170","","hypothetical protein","20","7","3","638","86.9565217391","98.9147286822","607.619047619","1.57941049533e-29","3.52382275613e-25","2.66956269403e-27"
"group_16171","","hypothetical protein","20","7","3","638","86.9565217391","98.9147286822","607.619047619","1.57941049533e-29","3.52382275613e-25","2.66956269403e-27"
"group_16172","","hypothetical protein","20","7","3","638","86.9565217391","98.9147286822","607.619047619","1.57941049533e-29","3.52382275613e-25","2.66956269403e-27"
"group_16173","","hypothetical protein","20","7","3","638","86.9565217391","98.9147286822","607.619047619","1.57941049533e-29","3.52382275613e-25","2.66956269403e-27"
"group_16174","","hypothetical protein","20","7","3","638","86.9565217391","98.9147286822","607.619047619","1.57941049533e-29","3.52382275613e-25","2.66956269403e-27"
"group_16175","repA","Regulatory protein RepA","20","7","3","638","86.9565217391","98.9147286822","607.619047619","1.57941049533e-29","3.52382275613e-25","2.66956269403e-27"
"group_16176","","hypothetical protein","20","7","3","638","86.9565217391","98.9147286822","607.619047619","1.57941049533e-29","3.52382275613e-25","2.66956269403e-27"
"group_16177","intZ_2","CPZ-55 prophage; predicted integrase","20","7","3","638","86.9565217391","98.9147286822","607.619047619","1.57941049533e-29","3.52382275613e-25","2.66956269403e-27"
"group_16169","","hypothetical protein","20","7","3","638","86.9565217391","98.9147286822","607.619047619","1.57941049533e-29","3.52382275613e-25","2.66956269403e-27"
"group_16168","","hypothetical protein","20","7","3","638","86.9565217391","98.9147286822","607.619047619","1.57941049533e-29","3.52382275613e-25","2.66956269403e-27"
"group_19566","","hypothetical protein","20","7","3","638","86.9565217391","98.9147286822","607.619047619","1.57941049533e-29","3.52382275613e-25","2.66956269403e-27"
"group_16167","","hypothetical protein","20","7","3","638","86.9565217391","98.9147286822","607.619047619","1.57941049533e-29","3.52382275613e-25","2.66956269403e-27"
"acr3","","Arsenical-resistance protein Acr3","20","7","3","638","86.9565217391","98.9147286822","607.619047619","1.57941049533e-29","3.52382275613e-25","2.66956269403e-27"
"arsC_1","","Arsenate reductase","20","7","3","638","86.9565217391","98.9147286822","607.619047619","1.57941049533e-29","3.52382275613e-25","2.66956269403e-27"
"arsH","","NADPH-dependent FMN reductase ArsH","20","7","3","638","86.9565217391","98.9147286822","607.619047619","1.57941049533e-29","3.52382275613e-25","2.66956269403e-27"
"pinR_1","","Rac prophage; predicted site-specific recombinase","23","26","0","619","100.0","95.9689922481","inf","2.37132723475e-29","5.29066819345e-25","3.94825984586e-27"
"group_1398","","hypothetical protein","23","26","0","619","100.0","95.9689922481","inf","2.37132723475e-29","5.29066819345e-25","3.94825984586e-27"
"group_12716","","hypothetical protein","19","4","4","641","82.6086956522","99.3798449612","761.1875","2.57460248156e-29","5.7441955966e-25","4.25495970119e-27"
"yahE_1","","hypothetical protein","22","18","1","627","95.652173913","97.2093023256","766.333333333","2.89759746469e-29","6.46482970346e-25","4.75355125255e-27"
"group_19589","","hypothetical protein","17","0","6","645","73.9130434783","100.0","inf","4.19873462406e-29","9.36779681974e-25","6.83780789762e-27"
"group_13744","","hypothetical protein","23","27","0","618","100.0","95.8139534884","inf","4.39134673102e-29","9.79753369157e-25","6.94860545502e-27"
"group_13738","","hypothetical protein","23","27","0","618","100.0","95.8139534884","inf","4.39134673102e-29","9.79753369157e-25","6.94860545502e-27"
"group_4151","","hypothetical protein","23","27","0","618","100.0","95.8139534884","inf","4.39134673102e-29","9.79753369157e-25","6.94860545502e-27"
"group_2935","","IS21 family transposase IS100kyp","23","27","0","618","100.0","95.8139534884","inf","4.39134673102e-29","9.79753369157e-25","6.94860545502e-27"
"group_2776","","hypothetical protein","20","8","3","637","86.9565217391","98.7596899225","530.833333333","5.50331096703e-29","1.22784370985e-24","8.64678668911e-27"
"group_4964","","hypothetical protein","21","13","2","632","91.3043478261","97.984496124","510.461538462","7.58253052512e-29","1.69173838546e-24","1.08154592699e-26"
"group_23345","","tRNA-Arg(acg)","21","13","2","632","91.3043478261","97.984496124","510.461538462","7.58253052512e-29","1.69173838546e-24","1.08154592699e-26"
"ybjH","","putative protein","0","617","23","28","0.0","4.34108527132","0.0","7.99852440292e-29","1.78455077954e-24","1.08154592699e-26"
"fliC","","Flagellin","23","28","0","617","100.0","95.6589147287","inf","7.99852440292e-29","1.78455077954e-24","1.08154592699e-26"
"group_13748","","hypothetical protein","23","28","0","617","100.0","95.6589147287","inf","7.99852440292e-29","1.78455077954e-24","1.08154592699e-26"
"group_13749","","hypothetical protein","23","28","0","617","100.0","95.6589147287","inf","7.99852440292e-29","1.78455077954e-24","1.08154592699e-26"
"group_13745","","hypothetical protein","23","28","0","617","100.0","95.6589147287","inf","7.99852440292e-29","1.78455077954e-24","1.08154592699e-26"
"group_13746","","hypothetical protein","23","28","0","617","100.0","95.6589147287","inf","7.99852440292e-29","1.78455077954e-24","1.08154592699e-26"
"group_13740","","hypothetical protein","23","28","0","617","100.0","95.6589147287","inf","7.99852440292e-29","1.78455077954e-24","1.08154592699e-26"
"group_11245","","hypothetical protein","23","28","0","617","100.0","95.6589147287","inf","7.99852440292e-29","1.78455077954e-24","1.08154592699e-26"
"group_11244","","hypothetical protein","23","28","0","617","100.0","95.6589147287","inf","7.99852440292e-29","1.78455077954e-24","1.08154592699e-26"
"group_11242","","hypothetical protein","23","28","0","617","100.0","95.6589147287","inf","7.99852440292e-29","1.78455077954e-24","1.08154592699e-26"
"group_11241","","hypothetical protein","23","28","0","617","100.0","95.6589147287","inf","7.99852440292e-29","1.78455077954e-24","1.08154592699e-26"
"group_11240","","hypothetical protein","23","28","0","617","100.0","95.6589147287","inf","7.99852440292e-29","1.78455077954e-24","1.08154592699e-26"
"group_13735","","hypothetical protein","23","28","0","617","100.0","95.6589147287","inf","7.99852440292e-29","1.78455077954e-24","1.08154592699e-26"
"group_13739","","hypothetical protein","23","28","0","617","100.0","95.6589147287","inf","7.99852440292e-29","1.78455077954e-24","1.08154592699e-26"
"group_1230","","hypothetical protein","23","28","0","617","100.0","95.6589147287","inf","7.99852440292e-29","1.78455077954e-24","1.08154592699e-26"
"group_13752","","hypothetical protein","23","28","0","617","100.0","95.6589147287","inf","7.99852440292e-29","1.78455077954e-24","1.08154592699e-26"
"group_13751","","hypothetical protein","23","28","0","617","100.0","95.6589147287","inf","7.99852440292e-29","1.78455077954e-24","1.08154592699e-26"
"group_13750","","hypothetical protein","23","28","0","617","100.0","95.6589147287","inf","7.99852440292e-29","1.78455077954e-24","1.08154592699e-26"
"group_13091","","hypothetical protein","23","28","0","617","100.0","95.6589147287","inf","7.99852440292e-29","1.78455077954e-24","1.08154592699e-26"
"group_11239","","hypothetical protein","23","28","0","617","100.0","95.6589147287","inf","7.99852440292e-29","1.78455077954e-24","1.08154592699e-26"
"group_13893","ybjH","putative protein","23","28","0","617","100.0","95.6589147287","inf","7.99852440292e-29","1.78455077954e-24","1.08154592699e-26"
"group_768","yeeS_2","CP4-44 prophage; predicted DNA repair protein","19","5","4","640","82.6086956522","99.2248062016","608.0","1.22853104706e-28","2.74097561909e-24","1.65119013198e-26"
"group_6494","","hypothetical protein","23","29","0","616","100.0","95.503875969","inf","1.4342181688e-28","3.19988415641e-24","1.91609829725e-26"
"group_3623","","IS630 family transposase ISEc40","23","30","0","615","100.0","95.3488372093","inf","2.53378543155e-28","5.65312867632e-24","3.34504655404e-26"
"group_11268","intS_1","CPS-53 (KpLE1) prophage; prophage CPS-53 integrase","23","30","0","615","100.0","95.3488372093","inf","2.53378543155e-28","5.65312867632e-24","3.34504655404e-26"
"fepC_3","","ferric enterobactin ABC transporter - ATP binding subunit","23","31","0","614","100.0","95.1937984496","inf","4.41369075173e-28","9.84738543618e-24","5.79257966834e-26"
"group_7993","","hypothetical protein","20","10","3","635","86.9565217391","98.4496124031","423.333333333","5.27247026269e-28","1.17634084031e-23","6.87918620063e-26"
"group_19599","","hypothetical protein","17","1","6","644","73.9130434783","99.8449612403","1824.66666667","7.49193569785e-28","1.67152577355e-23","8.90799669391e-26"
"group_19598","","hypothetical protein","17","1","6","644","73.9130434783","99.8449612403","1824.66666667","7.49193569785e-28","1.67152577355e-23","8.90799669391e-26"
"group_19597","","hypothetical protein","17","1","6","644","73.9130434783","99.8449612403","1824.66666667","7.49193569785e-28","1.67152577355e-23","8.90799669391e-26"
"group_19595","","hypothetical protein","17","1","6","644","73.9130434783","99.8449612403","1824.66666667","7.49193569785e-28","1.67152577355e-23","8.90799669391e-26"
"group_19594","ybcQ_2","DLP12 prophage; predicted antitermination protein","17","1","6","644","73.9130434783","99.8449612403","1824.66666667","7.49193569785e-28","1.67152577355e-23","8.90799669391e-26"
"group_19591","","hypothetical protein","17","1","6","644","73.9130434783","99.8449612403","1824.66666667","7.49193569785e-28","1.67152577355e-23","8.90799669391e-26"
"group_19590","","hypothetical protein","17","1","6","644","73.9130434783","99.8449612403","1824.66666667","7.49193569785e-28","1.67152577355e-23","8.90799669391e-26"
"group_19596","","hypothetical protein","17","1","6","644","73.9130434783","99.8449612403","1824.66666667","7.49193569785e-28","1.67152577355e-23","8.90799669391e-26"
"group_19605","","hypothetical protein","17","1","6","644","73.9130434783","99.8449612403","1824.66666667","7.49193569785e-28","1.67152577355e-23","8.90799669391e-26"
"group_19604","","hypothetical protein","17","1","6","644","73.9130434783","99.8449612403","1824.66666667","7.49193569785e-28","1.67152577355e-23","8.90799669391e-26"
"group_19603","","hypothetical protein","17","1","6","644","73.9130434783","99.8449612403","1824.66666667","7.49193569785e-28","1.67152577355e-23","8.90799669391e-26"
"group_19602","","hypothetical protein","17","1","6","644","73.9130434783","99.8449612403","1824.66666667","7.49193569785e-28","1.67152577355e-23","8.90799669391e-26"
"group_19601","","hypothetical protein","17","1","6","644","73.9130434783","99.8449612403","1824.66666667","7.49193569785e-28","1.67152577355e-23","8.90799669391e-26"
"group_19600","","hypothetical protein","17","1","6","644","73.9130434783","99.8449612403","1824.66666667","7.49193569785e-28","1.67152577355e-23","8.90799669391e-26"
"group_19593","","hypothetical protein","17","1","6","644","73.9130434783","99.8449612403","1824.66666667","7.49193569785e-28","1.67152577355e-23","8.90799669391e-26"
"group_19592","","hypothetical protein","17","1","6","644","73.9130434783","99.8449612403","1824.66666667","7.49193569785e-28","1.67152577355e-23","8.90799669391e-26"
"group_12764","","hypothetical protein","0","613","23","32","0.0","4.96124031008","0.0","7.58603097953e-28","1.69251937184e-23","8.90799669391e-26"
"group_667","","IS110 family transposase IS621","0","613","23","32","0.0","4.96124031008","0.0","7.58603097953e-28","1.69251937184e-23","8.90799669391e-26"
"group_5022","ybiC_2","hypothetical protein","23","32","0","613","100.0","95.0387596899","inf","7.58603097953e-28","1.69251937184e-23","8.90799669391e-26"
"group_5428","","hypothetical protein","21","16","2","629","91.3043478261","97.519379845","412.78125","1.04259571454e-27","2.32613529871e-23","1.20697210625e-25"
"group_8003","","hypothetical protein","21","16","2","629","91.3043478261","97.519379845","412.78125","1.04259571454e-27","2.32613529871e-23","1.20697210625e-25"
"group_2582","dinG_1","hypothetical protein","22","23","1","622","95.652173913","96.4341085271","594.956521739","1.04408415807e-27","2.32945616507e-23","1.20697210625e-25"
"mdtD","","putative transport protein MdtD","0","612","23","33","0.0","5.11627906977","0.0","1.28732646925e-27","2.87215408555e-23","1.46538473753e-25"
"group_8179","ogrK","DNA-binding transcriptional regulator, prophage P2 remnant","23","33","0","612","100.0","94.8837209302","inf","1.28732646925e-27","2.87215408555e-23","1.46538473753e-25"
"group_7987","relE","Qin prophage; toxin of the RelE-RelB toxin-antitoxin system and cofactor to enhance the repressor activity of RelB","23","33","0","612","100.0","94.8837209302","inf","1.28732646925e-27","2.87215408555e-23","1.46538473753e-25"
"group_16163","","hypothetical protein","20","11","3","634","86.9565217391","98.2945736434","384.242424242","1.47922924119e-27","3.30030836001e-23","1.66682240405e-25"
"group_16162","","hypothetical protein","20","11","3","634","86.9565217391","98.2945736434","384.242424242","1.47922924119e-27","3.30030836001e-23","1.66682240405e-25"
"mdoB_2","","Phosphoglycerol transferase I","22","24","1","621","95.652173913","96.2790697674","569.25","1.99809374802e-27","4.4579469612e-23","2.24017435236e-25"
"group_4157","","hypothetical protein","23","34","0","611","100.0","94.7286821705","inf","2.15816496316e-27","4.81508184931e-23","2.3837038858e-25"
"aer_1","","aerotaxis sensor receptor, flavoprotein","23","34","0","611","100.0","94.7286821705","inf","2.15816496316e-27","4.81508184931e-23","2.3837038858e-25"
"group_6752","fhuA_2","ferrichrome / phage / antibiotic outer membrane porin FhuA","23","34","0","611","100.0","94.7286821705","inf","2.15816496316e-27","4.81508184931e-23","2.3837038858e-25"
"group_4204","sad","NAD+-dependent succinate semialdehyde dehydrogenase","21","17","2","628","91.3043478261","97.3643410853","387.882352941","2.32346560486e-27","5.18388411099e-23","2.5536374931e-25"
"group_6891","","hypothetical protein","23","35","0","610","100.0","94.5736434109","inf","3.57638765324e-27","7.97927849314e-23","3.89233097226e-25"
"group_10821","","hypothetical protein","23","35","0","610","100.0","94.5736434109","inf","3.57638765324e-27","7.97927849314e-23","3.89233097226e-25"
"group_13737","","hypothetical protein","22","25","1","620","95.652173913","96.1240310078","545.6","3.75064924296e-27","8.36807352597e-23","4.06217161455e-25"
"group_7969","","hypothetical protein","20","12","3","633","86.9565217391","98.1395348837","351.666666667","3.92693442853e-27","8.76138340348e-23","4.23255236883e-25"
"group_8694","","hypothetical protein","21","18","2","627","91.3043478261","97.2093023256","365.75","5.018939949e-27","1.11977569202e-22","5.35777843072e-25"
"group_247","","hypothetical protein","21","18","2","627","91.3043478261","97.2093023256","365.75","5.018939949e-27","1.11977569202e-22","5.35777843072e-25"
"group_4899","","hypothetical protein","23","36","0","609","100.0","94.4186046512","inf","5.86130198725e-27","1.30771508638e-22","6.16846738856e-25"
"group_9389","vapC_2","tRNA(fMet)-specific endonuclease VapC","23","36","0","609","100.0","94.4186046512","inf","5.86130198725e-27","1.30771508638e-22","6.16846738856e-25"
"group_13605","","hypothetical protein","23","36","0","609","100.0","94.4186046512","inf","5.86130198725e-27","1.30771508638e-22","6.16846738856e-25"
"dld_1","","D-lactate dehydrogenase","17","2","6","643","73.9130434783","99.6899224806","910.916666667","7.05529706466e-27","1.5741073281e-22","7.1877046945e-25"
"group_8574","ykgF_2","putative amino acid dehydrogenase with NAD(P)-binding domain and ferridoxin-like domain protein","17","2","6","643","73.9130434783","99.6899224806","910.916666667","7.05529706466e-27","1.5741073281e-22","7.1877046945e-25"
"group_7392","gntP","gluconate / fructuronate transporter GntP","17","2","6","643","73.9130434783","99.6899224806","910.916666667","7.05529706466e-27","1.5741073281e-22","7.1877046945e-25"
"group_15490","ykgE_2","putative oxidoreductase","17","2","6","643","73.9130434783","99.6899224806","910.916666667","7.05529706466e-27","1.5741073281e-22","7.1877046945e-25"
"glcA_2","","glycolate / lactate:H+ symporter","17","2","6","643","73.9130434783","99.6899224806","910.916666667","7.05529706466e-27","1.5741073281e-22","7.1877046945e-25"
"ykgG_2","","putative transporter","17","2","6","643","73.9130434783","99.6899224806","910.916666667","7.05529706466e-27","1.5741073281e-22","7.1877046945e-25"
"group_16198","","hypothetical protein","17","2","6","643","73.9130434783","99.6899224806","910.916666667","7.05529706466e-27","1.5741073281e-22","7.1877046945e-25"
"group_9424","xerC_2","Tyrosine recombinase XerC","23","37","0","608","100.0","94.2635658915","inf","9.50481403338e-27","2.12061905899e-22","9.59556135288e-25"
"group_9136","","hypothetical protein","23","37","0","608","100.0","94.2635658915","inf","9.50481403338e-27","2.12061905899e-22","9.59556135288e-25"
"group_13720","","hypothetical protein","20","13","3","632","86.9565217391","97.984496124","324.102564103","9.92363451013e-27","2.21406209556e-22","9.97325268268e-25"
"group_2618","","hypothetical protein","23","38","0","607","100.0","94.1085271318","inf","1.52577277904e-26","3.40415164732e-22","1.49962627635e-24"
"group_13440","","hypothetical protein","23","38","0","607","100.0","94.1085271318","inf","1.52577277904e-26","3.40415164732e-22","1.49962627635e-24"
"group_9388","","hypothetical protein","23","38","0","607","100.0","94.1085271318","inf","1.52577277904e-26","3.40415164732e-22","1.49962627635e-24"
"vapC_2","","tRNA(fMet)-specific endonuclease VapC","23","38","0","607","100.0","94.1085271318","inf","1.52577277904e-26","3.40415164732e-22","1.49962627635e-24"
"group_11193","","hypothetical protein","23","38","0","607","100.0","94.1085271318","inf","1.52577277904e-26","3.40415164732e-22","1.49962627635e-24"
"group_13742","","hypothetical protein","22","28","1","617","95.652173913","95.6589147287","484.785714286","2.23362714797e-26","4.98344552983e-22","2.18572172361e-24"
"group_11176","","hypothetical protein","23","39","0","606","100.0","93.9534883721","inf","2.42558749489e-26","5.41172825985e-22","2.35292533037e-24"
"group_5669","lysU","lysyl-tRNA synthetase","23","39","0","606","100.0","93.9534883721","inf","2.42558749489e-26","5.41172825985e-22","2.35292533037e-24"
"group_9223","","hypothetical protein","0","605","23","40","0.0","6.2015503876","0.0","3.82030030445e-26","8.52347200925e-22","3.64250940566e-24"
"lysU","","lysyl-tRNA synthetase","0","605","23","40","0.0","6.2015503876","0.0","3.82030030445e-26","8.52347200925e-22","3.64250940566e-24"
"group_9960","","hypothetical protein","23","40","0","605","100.0","93.7984496124","inf","3.82030030445e-26","8.52347200926e-22","3.64250940566e-24"
"group_13149","","hypothetical protein","23","40","0","605","100.0","93.7984496124","inf","3.82030030445e-26","8.52347200926e-22","3.64250940566e-24"
"group_3870","","hypothetical protein","21","21","2","624","91.3043478261","96.7441860465","312.0","4.29280548951e-26","9.57767832764e-22","4.075607799e-24"
"group_18056","","hypothetical protein","17","3","6","642","73.9130434783","99.5348837209","606.333333333","4.66247199701e-26","1.04024412725e-21","4.35248588809e-24"
"group_18059","","hypothetical protein","17","3","6","642","73.9130434783","99.5348837209","606.333333333","4.66247199701e-26","1.04024412725e-21","4.35248588809e-24"
"group_18057","","hypothetical protein","17","3","6","642","73.9130434783","99.5348837209","606.333333333","4.66247199701e-26","1.04024412725e-21","4.35248588809e-24"
"group_18058","","hypothetical protein","17","3","6","642","73.9130434783","99.5348837209","606.333333333","4.66247199701e-26","1.04024412725e-21","4.35248588809e-24"
"group_8961","","hypothetical protein","20","15","3","630","86.9565217391","97.6744186047","280.0","5.57291871945e-26","1.2433738955e-21","5.18072456457e-24"
"group_15258","","hypothetical protein","19","10","4","635","82.6086956522","98.4496124031","301.625","5.62023402288e-26","1.25393041284e-21","5.18153063159e-24"
"group_15257","","hypothetical protein","19","10","4","635","82.6086956522","98.4496124031","301.625","5.62023402288e-26","1.25393041284e-21","5.18153063159e-24"
"group_953","","hypothetical protein","23","41","0","604","100.0","93.6434108527","inf","5.96339559719e-26","1.33049319169e-21","5.47528062423e-24"
"group_19588","","hypothetical protein","16","1","7","644","69.5652173913","99.8449612403","1472.0","6.5812166136e-26","1.46833523866e-21","6.01776737156e-24"
"group_13747","","hypothetical protein","21","22","2","623","91.3043478261","96.5891472868","297.340909091","8.36493604787e-26","1.86630088164e-21","7.58658894976e-24"
"group_1787","yfdR_1","CPS-53 (KpLE1) prophage; deoxyribonucleoside 5'-monophosphate phosphatase","21","22","2","623","91.3043478261","96.5891472868","297.340909091","8.36493604787e-26","1.86630088164e-21","7.58658894976e-24"
"group_9444","","hypothetical protein","23","42","0","603","100.0","93.488372093","inf","9.2290646147e-26","2.05909660619e-21","8.30280889591e-24"
"group_13897","","hypothetical protein","23","42","0","603","100.0","93.488372093","inf","9.2290646147e-26","2.05909660619e-21","8.30280889591e-24"
"pagN_2","","Outer membrane protein PagN","20","16","3","629","86.9565217391","97.519379845","262.083333333","1.2482540034e-25","2.78497950698e-21","1.11846566545e-23"
"group_5427","","hypothetical protein","23","43","0","602","100.0","93.3333333333","inf","1.41655410365e-25","3.16047386065e-21","1.26418954426e-23"
"group_2665","yfdS","CPS-53 (KpLE1) prophage; predicted protein","21","23","2","622","91.3043478261","96.4341085271","283.956521739","1.59536877368e-25","3.55942727095e-21","1.40688824939e-23"
"group_13736","","hypothetical protein","21","23","2","622","91.3043478261","96.4341085271","283.956521739","1.59536877368e-25","3.55942727095e-21","1.40688824939e-23"
"group_1170","","hypothetical protein","21","23","2","622","91.3043478261","96.4341085271","283.956521739","1.59536877368e-25","3.55942727095e-21","1.40688824939e-23"
"group_8343","","hypothetical protein","0","601","23","44","0.0","6.82170542636","0.0","2.15702556692e-25","4.81253974236e-21","1.8872704872e-23"
"group_8355","","hypothetical protein","0","601","23","44","0.0","6.82170542636","0.0","2.15702556692e-25","4.81253974236e-21","1.8872704872e-23"
"group_15481","","hypothetical protein","17","4","6","641","73.9130434783","99.3798449612","454.041666667","2.4263991677e-25","5.41353918306e-21","2.09827100118e-23"
"group_16268","dnaB_2","primosome","17","4","6","641","73.9130434783","99.3798449612","454.041666667","2.4263991677e-25","5.41353918306e-21","2.09827100118e-23"
"group_11669","cbeA_2","CP4-44 prophage; antitoxin of the CbtA-CbeA toxin-antitoxin system","17","4","6","641","73.9130434783","99.3798449612","454.041666667","2.4263991677e-25","5.41353918306e-21","2.09827100118e-23"
"group_8200","queH","Epoxyqueuosine reductase QueH","19","12","4","633","82.6086956522","98.1395348837","250.5625","3.91276280325e-25","8.72976509033e-21","3.35760195782e-23"
"group_14657","ydfD","Qin prophage; predicted protein","19","12","4","633","82.6086956522","98.1395348837","250.5625","3.91276280325e-25","8.72976509033e-21","3.35760195782e-23"
"group_1434","cirA_3","outer membrane receptor involved in uptake of ferric dihyroxybenzoylserine","23","46","0","599","100.0","92.8682170543","inf","4.88925795169e-25","1.0908423416e-20","4.17947257319e-23"
"group_368","insF-1_1","hypothetical protein","22","34","1","611","95.652173913","94.7286821705","395.352941176","5.3424048474e-25","1.1919439455e-20","4.54940437215e-23"
"group_18003","","hypothetical protein","18","8","5","637","78.2608695652","98.7596899225","286.65","5.70039217003e-25","1.27181449705e-20","4.83579656675e-23"
"group_1633","intB_5","KpLE2 phage-like element; predicted integrase","16","2","7","643","69.5652173913","99.6899224806","734.857142857","5.86315946665e-25","1.3081295086e-20","4.95503601744e-23"
"dltA","","hypothetical protein","23","47","0","598","100.0","92.7131782946","inf","7.28187354507e-25","1.62465880664e-20","6.10773987459e-23"
"group_650","","hypothetical protein","23","47","0","598","100.0","92.7131782946","inf","7.28187354507e-25","1.62465880664e-20","6.10773987459e-23"
"nohA_1","","Qin prophage; predicted packaging protein","19","13","4","632","82.6086956522","97.984496124","230.923076923","9.57402247404e-25","2.13606015418e-20","7.9407440676e-23"
"group_15025","","hypothetical protein","19","13","4","632","82.6086956522","97.984496124","230.923076923","9.57402247404e-25","2.13606015418e-20","7.9407440676e-23"
"group_11577","","hypothetical protein","19","13","4","632","82.6086956522","97.984496124","230.923076923","9.57402247404e-25","2.13606015418e-20","7.9407440676e-23"
"group_11243","","hypothetical protein","21","26","2","619","91.3043478261","95.9689922481","249.980769231","9.85855786218e-25","2.19954284463e-20","8.14645498011e-23"
"group_11671","hsdR_2","Type I restriction enzyme EcoR124II R protein","17","5","6","640","73.9130434783","99.2248062016","362.666666667","1.05826914834e-24","2.36110429686e-20","8.68053050316e-23"
"group_16214","","hypothetical protein","17","5","6","640","73.9130434783","99.2248062016","362.666666667","1.05826914834e-24","2.36110429686e-20","8.68053050316e-23"
"group_5864","","hypothetical protein","23","48","0","597","100.0","92.5581395349","inf","1.07711046188e-24","2.40314115149e-20","8.80271484062e-23"
"ydfU_1","","Qin prophage; predicted protein","0","596","23","49","0.0","7.59689922481","0.0","1.58269292357e-24","3.53114618178e-20","1.27478201508e-22"
"group_3832","","IS91 family transposase ISEc37","23","49","0","596","100.0","92.4031007752","inf","1.58269292357e-24","3.53114618178e-20","1.27478201508e-22"
"group_11171","","hypothetical protein","23","49","0","596","100.0","92.4031007752","inf","1.58269292357e-24","3.53114618178e-20","1.27478201508e-22"
"group_6509","","hypothetical protein","23","49","0","596","100.0","92.4031007752","inf","1.58269292357e-24","3.53114618178e-20","1.27478201508e-22"
"group_2028","cbtA_3","CP4-44 prophage; toxin of the CbtA-CbeA toxin-antitoxin system","18","9","5","636","78.2608695652","98.6046511628","254.4","1.69750996179e-24","3.78731447574e-20","1.3623433366e-22"
"group_11488","dicB","Qin prophage; cell division inhibition protein","19","14","4","631","82.6086956522","97.8294573643","214.089285714","2.24326607919e-24","5.00495094927e-20","1.79388922913e-22"
"group_4359","","IS110 family transposase IS621","0","595","23","50","0.0","7.7519379845","0.0","2.31073166842e-24","5.1554734254e-20","1.82289597612e-22"
"insI-2","","CP4-6 prophage; partial regulator of insertion element IS911A","23","50","0","595","100.0","92.2480620155","inf","2.31073166842e-24","5.1554734254e-20","1.82289597612e-22"
"group_13898","traM","Relaxosome protein TraM","23","50","0","595","100.0","92.2480620155","inf","2.31073166842e-24","5.1554734254e-20","1.82289597612e-22"
"group_9425","","hypothetical protein","20","20","3","625","86.9565217391","96.8992248062","208.333333333","2.31222070388e-24","5.15879561242e-20","1.82289597612e-22"
"sad","","NAD+-dependent succinate semialdehyde dehydrogenase","2","617","21","28","8.69565217391","4.34108527132","0.00432198811453","3.04830094808e-24","6.80106424526e-20","2.39474093143e-22"
"group_9383","","hypothetical protein","23","51","0","594","100.0","92.0930232558","inf","3.35282634241e-24","7.48049085254e-20","2.61555624215e-22"
"group_13909","","hypothetical protein","23","51","0","594","100.0","92.0930232558","inf","3.35282634241e-24","7.48049085254e-20","2.61555624215e-22"
"group_11739","","hypothetical protein","17","6","6","639","73.9130434783","99.0697674419","301.75","4.02113281719e-24","8.97154942844e-20","3.11512132932e-22"
"group_11824","","hypothetical protein","17","6","6","639","73.9130434783","99.0697674419","301.75","4.02113281719e-24","8.97154942844e-20","3.11512132932e-22"
"group_3753","traR","hypothetical protein","23","52","0","593","100.0","91.9379844961","inf","4.83580722462e-24","1.07891694989e-19","3.7332766432e-22"
"group_12231","","hypothetical protein","15","1","8","644","65.2173913043","99.8449612403","1207.5","5.04887041797e-24","1.12645347895e-19","3.87517279787e-22"
"group_6997","","hypothetical protein","19","15","4","630","82.6086956522","97.6744186047","199.5","5.05434666389e-24","1.12767528418e-19","3.87517279787e-22"
"kgtP_1","","alpha-ketoglutarate:H+ symporter","0","592","23","53","0.0","8.21705426357","0.0","6.93436507682e-24","1.54712619229e-19","5.28029417164e-22"
"group_3977","","hypothetical protein","23","53","0","592","100.0","91.7829457364","inf","6.93436507682e-24","1.54712619229e-19","5.28029417164e-22"
"glmM_1","","Phosphoglucosamine mutase","20","22","3","623","86.9565217391","96.5891472868","188.787878788","8.54010715335e-24","1.90538330698e-19","6.48089560199e-22"
"group_10637","","hypothetical protein","23","54","0","591","100.0","91.6279069767","inf","9.88789094287e-24","2.20608734826e-19","7.45299779819e-22"
"group_7437","kgtP_2","alpha-ketoglutarate:H+ symporter","23","54","0","591","100.0","91.6279069767","inf","9.88789094287e-24","2.20608734826e-19","7.45299779819e-22"
"group_12713","","hypothetical protein","18","11","5","634","78.2608695652","98.2945736434","207.490909091","1.23462260961e-23","2.7545665043e-19","9.2746346946e-22"
"group_5000","","IS256 family transposase IS1414","17","7","6","638","73.9130434783","98.9147286822","258.238095238","1.36656970124e-23","3.04895366043e-19","1.01971694329e-21"
"group_9708","","hypothetical protein","17","7","6","638","73.9130434783","98.9147286822","258.238095238","1.36656970124e-23","3.04895366043e-19","1.01971694329e-21"
"group_4494","","hypothetical protein","23","55","0","590","100.0","91.4728682171","inf","1.40228271553e-23","3.12863296663e-19","1.03941294572e-21"
"group_13734","","hypothetical protein","23","55","0","590","100.0","91.4728682171","inf","1.40228271553e-23","3.12863296663e-19","1.03941294572e-21"
"fdtC_1","","dTDP-3-amino-3,6-dideoxy-alpha-D-galactopyranose 3-N-acetyltransferase","20","23","3","622","86.9565217391","96.4341085271","180.289855072","1.58935487124e-23","3.54600965322e-19","1.17417538186e-21"
"group_11987","","hypothetical protein","16","4","7","641","69.5652173913","99.3798449612","366.285714286","1.81920315095e-23","4.05882415008e-19","1.33954592412e-21"
"group_2766","","hypothetical protein","23","56","0","589","100.0","91.3178294574","inf","1.97822025942e-23","4.41360722078e-19","1.44723591983e-21"
"ecpC_1","","hypothetical protein","22","42","1","603","95.652173913","93.488372093","315.857142857","1.97842748217e-23","4.41406955548e-19","1.44723591983e-21"
"group_2804","yadA","Adhesin YadA","18","12","5","633","78.2608695652","98.1395348837","189.9","3.06370126247e-23","6.8354238867e-19","2.23379865578e-21"
"group_10636","","hypothetical protein","23","58","0","587","100.0","91.007751938","inf","3.87745531791e-23","8.65099055979e-19","2.81791223446e-21"
"group_2359","","hypothetical protein","15","2","8","643","65.2173913043","99.6899224806","602.8125","4.24218073067e-23","9.4647294282e-19","3.06301923243e-21"
"group_248","","hypothetical protein","15","2","8","643","65.2173913043","99.6899224806","602.8125","4.24218073067e-23","9.4647294282e-19","3.06301923243e-21"
"group_11477","","hypothetical protein","21","34","2","611","91.3043478261","94.7286821705","188.691176471","6.44981364979e-23","1.43901792341e-18","4.64199330131e-21"
"group_1992","yfdQ_1","CPS-53 (KpLE1) prophage; predicted protein","22","45","1","600","95.652173913","93.023255814","293.333333333","6.64747345824e-23","1.48311780327e-18","4.76886753463e-21"
"group_13956","","hypothetical protein","23","60","0","585","100.0","90.6976744186","inf","7.45479121291e-23","1.66323846751e-18","5.26341287187e-21"
"group_1589","","hypothetical protein","23","60","0","585","100.0","90.6976744186","inf","7.45479121291e-23","1.66323846751e-18","5.26341287187e-21"
"yfjJ","","CP4-57 prophage; predicted protein","23","60","0","585","100.0","90.6976744186","inf","7.45479121291e-23","1.66323846751e-18","5.26341287187e-21"
"group_11286","","hypothetical protein","23","60","0","585","100.0","90.6976744186","inf","7.45479121291e-23","1.66323846751e-18","5.26341287187e-21"
"dicB","","Qin prophage; cell division inhibition protein","0","585","23","60","0.0","9.3023255814","0.0","7.45479121291e-23","1.66323846751e-18","5.26341287187e-21"
"group_8965","","hypothetical protein","22","46","1","599","95.652173913","92.8682170543","286.47826087","9.81111095639e-23","2.18895696548e-18","6.90522702044e-21"
"group_9526","dnaT_1","Primosomal protein 1","23","61","0","584","100.0","90.5426356589","inf","1.02656141292e-22","2.29036116838e-18","7.17274066805e-21"
"group_8960","","hypothetical protein","23","61","0","584","100.0","90.5426356589","inf","1.02656141292e-22","2.29036116838e-18","7.17274066805e-21"
"group_2925","gpFI","Putative prophage major tail sheath protein","21","35","2","610","91.3043478261","94.5736434109","183.0","1.02876474106e-22","2.29527701378e-18","7.17274066805e-21"
"sacA","","Sucrose-6-phosphate hydrolase","17","9","6","636","73.9130434783","98.6046511628","200.222222222","1.21209408909e-22","2.70430312216e-18","8.17010006696e-21"
"crr_2","","glucose PTS permease","17","9","6","636","73.9130434783","98.6046511628","200.222222222","1.21209408909e-22","2.70430312216e-18","8.17010006696e-21"
"group_12508","cytR_2","CytR-cytidine","17","9","6","636","73.9130434783","98.6046511628","200.222222222","1.21209408909e-22","2.70430312216e-18","8.17010006696e-21"
"group_11670","","hypothetical protein","17","9","6","636","73.9130434783","98.6046511628","200.222222222","1.21209408909e-22","2.70430312216e-18","8.17010006696e-21"
"frlD","","fructoselysine 6-kinase","17","9","6","636","73.9130434783","98.6046511628","200.222222222","1.21209408909e-22","2.70430312216e-18","8.17010006696e-21"
"group_23883","","tRNA-Phe(gaa)","17","9","6","636","73.9130434783","98.6046511628","200.222222222","1.21209408909e-22","2.70430312216e-18","8.17010006696e-21"
"rafA","","Alpha-galactosidase","17","9","6","636","73.9130434783","98.6046511628","200.222222222","1.21209408909e-22","2.70430312216e-18","8.17010006696e-21"
"lamB_1","","maltose outer membrane porin / phage lambda receptor protein","17","9","6","636","73.9130434783","98.6046511628","200.222222222","1.21209408909e-22","2.70430312216e-18","8.17010006696e-21"
"lacY_2","","lactose / melibiose:H+ symporter LacY","17","9","6","636","73.9130434783","98.6046511628","200.222222222","1.21209408909e-22","2.70430312216e-18","8.17010006696e-21"
"group_8104","","hypothetical protein","17","9","6","636","73.9130434783","98.6046511628","200.222222222","1.21209408909e-22","2.70430312216e-18","8.17010006696e-21"
"group_8103","","hypothetical protein","17","9","6","636","73.9130434783","98.6046511628","200.222222222","1.21209408909e-22","2.70430312216e-18","8.17010006696e-21"
"group_10635","","hypothetical protein","23","62","0","583","100.0","90.3875968992","inf","1.40738258224e-22","3.14001127923e-18","9.37316799769e-21"
"group_2584","ykfF_1","CP4-6 prophage; predicted protein","23","62","0","583","100.0","90.3875968992","inf","1.40738258224e-22","3.14001127923e-18","9.37316799769e-21"
"group_6814","rzpD_1","DLP12 prophage; predicted murein endopeptidase","23","62","0","583","100.0","90.3875968992","inf","1.40738258224e-22","3.14001127923e-18","9.37316799769e-21"
"hapE","","Ferredoxin--NADP reductase","23","62","0","583","100.0","90.3875968992","inf","1.40738258224e-22","3.14001127923e-18","9.37316799769e-21"
